id,title,media,sequence,privacy,canMarket,sfw,caption,price,bowAgreements,benefitting,year,medium,materials,dimensions,location,geo,genre,subset,references,languages,credits,pressLink,distributor,tags,createdAt,updatedAt,userId
1,An Introduction to Domina Mara,,1,1,TRUE,FALSE,"I hail from international waters with Chinese, Filipino, and Spanish blood. My tropical exotic mix has taught me to be conversational in Spanish, and to have an ear for Brazilian Portuguese. My career began in 2013 as a professional BDSM player at a local dungeon in Los Angeles, and created a solid foundation for my knowledge of Bondage, Discipline, Dominance, Submission, and Sado-Masochism. As a Dominant, my greatest joy is watching you transform into the most humble and genuine submissive with PURPOSE.",,TRUE,,2018,Film,,1080P; 2:08,,,,,,Title in English,"Written + Directed by Domina Mara, featuring sub AV, filmed in collaboration with Love as a Fetish.",,,,2021-02-18 12:56:23.309-05,2021-02-18 12:56:23.309-05,3
2,Leopard Lioness: Leo Laying,,7,1,TRUE,TRUE,"Were you aware that there is such a thing as a leopard x lion mix?  This Panthera Hybrid is named a Leopon.  My solar + lunar signs are Leo, the Lion, and my birth month is August.  The dress I chose to represent my sensual, sleek feline attributes was a satin leopard print with a matching pair of designer sunglasses to add mystery.  I added leather gloves + shoes to accompany the outfit as well as a sharp crop, to ensure a stinging bite.",,TRUE,,2017,Photography / Print,,"Available Sizes from 4x6"" to 20x30""",,,,,,Title in English,Self-portrait [Domina Mara].,,,,2021-02-18 12:56:23.309-05,2021-02-18 12:56:23.309-05,3
3,Oracle,,6,1,TRUE,TRUE,"As seen in Ancient Greek Mythology, the Owl is Athena’s sacred animal for Her unparalleled intelligence, war stratagems, and innovation of crafty tools. In this introductory short film, Goddess Mara has embodied this bird of prey to showcase Her skills as a flow artist, fire dancer, and character performer. Silk fans, fire fans, fire torches, a parasol, and isis wings are combined with dance to create a narrative of how Her existence has ensnared mankind.",,TRUE,,2020,Film,,1080P; 3:24,,,,,,Title in English,"Written + Directed by Domina Mara, featuring Silvio A, filmed by Landon Donoho",,,,2021-02-18 12:56:23.309-05,2021-02-18 12:56:23.309-05,3
4,Garnet + Guard:  Any Good News?,,8,1,TRUE,TRUE,"Garnet is the January birth stone and the crimson, pink, gold, and green colors are a nice bridge from the holiday season.  Red is also a symbol for good luck and happiness in Chinese culture.  This calendar year celebrates the year of the dog in the Chinese Zodiac, hence my guard pup~  This is a story on how the Mistress lead us form the garden into the building, up the hotel, and into a room where the sensuality can finally occur behind closed doors…",,TRUE,,2017,Photography / Print,,"Available Sizes from 4x6"" to 20x30""",,,,,,Title in English,Self-portrait [Domina Mara + pup AV].,,,,2021-02-18 12:56:23.309-05,2021-02-18 12:56:23.309-05,3
5,Mommy Time: Sleep Little Lambs,,9,1,TRUE,TRUE,"This metaphorical series is dedicated to Mother’s Day and the quality time our Mommys have given to us since our innocent birth to help nurture us into who we are today.  Since I also choose not to have any children of My own, My submissives are who I care for.",,TRUE,,2017,Photography / Print,,"Available Sizes from 4x6"" to 20x30""",,,,,,Title in English,Self-portrait [Domina Mara].,https://youtu.be/L4Bk3whB864,,,2021-02-18 12:56:23.309-05,2021-02-18 12:56:23.309-05,3
6,Poppy + Puppy:  Ball Toss,,10,1,TRUE,TRUE,"I was given a K9 mask, collar, and leash by Stockroom Design to create a kinky concept and came up with a weekend playing with My pup in the poppy fields during the Superbloom. **NO FLOWERS WERE HARMED - all fields are photoshopped over trails**",,TRUE,,2019,Photography / Print,,"Available Sizes from 4x6"" to 20x30""",,,,,,Title in English,"Visual Concept + Editing by Domina Mara, featuring Fetish Fellow, shot by AV.",https://youtu.be/yTbMTp_QWg8,,,2021-02-18 12:56:23.309-05,2021-02-18 12:56:23.309-05,3
7,MONUMENT TO THE UNCOUPLE,,4,1,TRUE,FALSE,"Through this performance score, I want to explore what it means to be uncoupled; what exactly constructs a union if that union isn’t ratified by the state? If we aren’t interested in engaging in a marital agreement for the purpose of obtaining property, nor for the heterosexual bio-utility of production, then divorce isn’t about loss, because there was no property in the first place. Divorce becomes a celebration, an empty space from which the next evolution can take place; the uncoupling is the release from the container, a choreographed event of care, a maintenance of intimacy via deconstruction",,TRUE,,2019,performance,,,"Galveston, TX",,relational aesthetics,,Marriage,,"Photos by Junior Fernandez, featuring Anastasia Vayner",,,"{divorce,marriage,monument,performance art}",2021-02-18 12:56:23.309-05,2021-02-18 12:56:23.309-05,4
8,MARRIAGE,,3,1,TRUE,TRUE,"The performance of a union >> “During this hour of consciousness, the couple has requested to be collected into a membrane all unto themselves, a cocoon  to identify this instance of union and desire, and to give their present a formlessness, from which could emerge all possible forms.”",,TRUE,,2018,performance,,,"New York, NY",,relational aesthetics,,,,"Photos by Ursula Barker, featuring Anastasia Vayner",,,"{marriage,desire,performance art}",2021-02-18 12:56:23.309-05,2021-02-18 12:56:23.309-05,4
9,PARTICIPATION TROPHY,,2,1,TRUE,FALSE,"An anthology zine about intimacy and agreements, written in the form of love letters.",20,TRUE,,2020,zine,,"5 1/2 x 8 1/2"" zine, 32 pages","Texas, New York","Austin, Houston, NYC",relational aesthetics,,"Marriage, Monument to the Uncouple, On Multiculturalism and Desire",English,,,,"{zine,letter,marriage,SM,objecthood,art history}",2021-02-18 12:56:23.309-05,2021-02-18 12:56:23.309-05,4
10,ON MULTICULTURALISM AND DESIRE,,5,1,TRUE,TRUE,"A love letter, written in multiple points of time.",,TRUE,,2019,essay,,3 pages,"New York, NY","LA,NYC",relational aesthetics,,,English,,,,"{essay,letter,theory of a young girl,love letter}",2021-02-18 12:56:23.309-05,2021-02-18 12:56:23.309-05,4
11,MEATSPACE,,6,1,TRUE,FALSE,"Empress Wu's terrible utopia, where all subs are ripe for feasting.",,TRUE,,2019,photography,,,"New York, NY",,,,Frances Bacon's Figure with Meat,,"Photos by Lanee Bird, Makeup by Cass Raimundi",,,"{photograph,carnivore,SM,BDSM,pig}",2021-02-18 12:56:23.309-05,2021-02-18 12:56:23.309-05,4
12,Veil Machine Presents: E-VICTION,,7,1,TRUE,TRUE,"E-Viction is a virtual arthouse / whore gallery event that existed for 12 hours before self-destructing. Log on and be seduced by our virtual peepshow where you’ll have intimate encounters with sex workers and artists making art and sex live on cam. Scroll through performers’ ads, shop art and sex objects at our E-Banned shop, learn about legislation that threatens sex workers and free speech online, join raunchy chat rooms, and protest digital gentrification. But be sure to tune in before it’s all gone at midnight. E-Viction is the only deplatforming you can prepare for in advance.",,TRUE,,2020,"performance,digital installation",,12 hour event,"New York, NY",US,"relational aesthetics,participatory art",,"On Multiculturalism and Desire, Meatspace","English,Spanish","Crew: Aarati Akkapeddi, Rena Li, Minxy Lopez, Samone, Urzulka, Abe, Shayla Lange, Lady Euphoria, Yves, Olive. E-Viction is produced by Veil Machine as part of the 2020 Rapid Response residency at Eyebeam and supported by Kink Out Events.",https://www.vice.com/en_us/article/jgxbag/sex-workers-earn-it-virtual-protest-e-viction,,"{sex work,performance,protest,event}",2021-02-18 12:56:23.309-05,2021-02-18 12:56:23.309-05,4
13,Gxd is a Hooker and Heaven is a Cash Only Establishment,,1,1,TRUE,TRUE,A portrait of gxd,,TRUE,,2020,Mixed Media with Beeswax and 24K gold on birch,,"30"" x 60"" x 1.5""",Brooklyn,,,,,English/N/A,,,,,2021-02-18 12:56:23.309-05,2021-02-18 12:56:23.309-05,5
14,Shame [can be a void or a mirror],,8,1,TRUE,TRUE,"An altar for my brother, part of a series of meditations on death",,TRUE,,2020,Mixed Media with ashes and silver on birch,,"48"" round x 1.5""",Brooklyn,,,,,English/N/A,,,,,2021-02-18 12:56:23.309-05,2021-02-18 12:56:23.309-05,5
15,Death Fetish,,3,1,TRUE,TRUE,A part of a series of meditations on death,,TRUE,,2017,"Mixed Media with Milk,Goldleaf,Hair,and Resin on birch",,"48"" x 48"" x 2""",Chicago and Seattle,,,,,English/N/A,,,,,2021-02-18 12:56:23.309-05,2021-02-18 12:56:23.309-05,5
16,Tru Luv,,2,1,TRUE,TRUE,Self portrait,,TRUE,,2020,"Mixed Media with roses,blood and money on birch",,"24"" x 36"" x 1.5""",brooklyn,,,,,English/N/A,,,,,2021-02-18 12:56:23.309-05,2021-02-18 12:56:23.309-05,5
17,Maëva,,6,1,TRUE,TRUE,"A portrait of my neice, made during the 2020 BLM uprising",,TRUE,,2020,Mixed Media with Milk and Tiger Lily Pollen on Maple,,"15"" x 30"" x 1""",Brooklyn,,,,,English/N/A,,,,,2021-02-18 12:56:23.309-05,2021-02-18 12:56:23.309-05,5
18,Everywhere There Are Angels [birdshit and blood stains on pavement],,5,1,TRUE,TRUE,Made during the 2020 BLM uprising,,TRUE,,2020,"Mixed Media with debris,blood,and tobacco on birch",,"24"" x 48"" x 2""",Brooklyn,,,,,English/N/A,,,,,2021-02-18 12:56:23.309-05,2021-02-18 12:56:23.309-05,5
19,"Hunger [is a catalyst, not an excuse]",,7,1,TRUE,TRUE,A part of a series of meditations on death,,TRUE,,2018,"Mixed media with blood,spit,milk,and silver on birch",,"36"" round x 1.5""",Seattle and Brooklyn,,,,,English/N/A,,,,,2021-02-18 12:56:23.309-05,2021-02-18 12:56:23.309-05,5
20,Bloodshed in Heaven [the first brick],,4,1,TRUE,TRUE,"A dedication to our ancestors at Stonewall, made during the 2020 BLM uprising",,TRUE,,2020,Mixed Media with Milk and Resin on Birch,,"24"" x 24"" x 1.5""",Brooklyn,,,,,English/N/A,,,,,2021-02-18 12:56:23.309-05,2021-02-18 12:56:23.309-05,5
21,Incentive,,1,1,FALSE,FALSE,"BDSM ritual/ play still: a willing body in a hanging leather cage, and the possibility that reward might follow punishment",,TRUE,,2011,"BDSM Ritual/ Play,Photography",,,NYC,,,,,,Photography by Natasha Gornik,,,"{bondage,captive}",2021-02-18 12:56:23.309-05,2021-02-18 12:56:23.309-05,6
22,Lunch Hour 1,,4,2,FALSE,FALSE,BDSM ritual/ play still: latex and power play,,TRUE,,2011,"BDSM Ritual/ Play,Photography",,,NYC,,,,,,Photography by Natasha Gornik,,,{latex},2021-02-18 12:56:23.309-05,2021-02-18 12:56:23.309-05,6
23,Lunch Hour  4,,7,2,FALSE,FALSE,BDSM ritual/ play still: blind consumption ,,TRUE,,2011,"BDSM Ritual/ Play,Photography",,,NYC,,,,,,Photography by Natasha Gornik,,,,2021-02-18 12:56:23.309-05,2021-02-18 12:56:23.309-05,6
24,The Doll 2,,3,2,FALSE,FALSE,BDSM ritual/ play still: lust gone feral,,TRUE,,2020,"BDSM Ritual/ Play,Photography",,,NYC,,,,,,,,,"{leather fetishist,human doll}",2021-02-18 12:56:23.309-05,2021-02-18 12:56:23.309-05,6
25,Lunch Hour 2,,5,2,FALSE,FALSE,BDSM ritual/ play still: latex and power play,,TRUE,,2011,"BDSM Ritual/ Play,Photography",,,NYC,,,,,,Photography by Natasha Gornik,,,{latex},2021-02-18 12:56:23.309-05,2021-02-18 12:56:23.309-05,6
26,Lunch Hour 3,,6,2,FALSE,FALSE,BDSM ritual/ play still: blind consumption ,,TRUE,,2011,"BDSM Ritual/ Play,Photography",,,NYC,,,,,,Photography by Natasha Gornik,,,,2021-02-18 12:56:23.309-05,2021-02-18 12:56:23.309-05,6
27,The Doll 1,,2,2,FALSE,FALSE,BDSM ritual/ play still: a gender adventurer in a pink leather hood,,TRUE,,2020,"BDSM Ritual/ Play,Photography",,,NYC,,,,,,,,,"{leather fetishist,human doll}",2021-02-18 12:56:23.309-05,2021-02-18 12:56:23.309-05,6
28,Self Portrait ,,1,1,TRUE,TRUE,"Thee Self Love Slut~ Juniper Juicy, has cum humanside 2 remind us all the power of play, pleasure, touching urself, & twerking like no1s watching~",,TRUE,,2020,photography,,N/A,,,,,,English,,,,,2021-02-18 12:56:23.309-05,2021-02-18 12:56:23.309-05,7
29,Window Troll,,8,1,TRUE,FALSE,Quarantine life has got us at the window hoping our neighbors are just as much voyeurs as we an exhibitionist ~ ,,TRUE,,2020,photography,,N/A,,,,,,English,Shot by ireallyhopeyouwin,,,,2021-02-18 12:56:23.309-05,2021-02-18 12:56:23.309-05,7
30,Frosted Cake,,2,1,TRUE,FALSE,"Nothing better than a well frosted cake, & JJ has quite the method2 achieve this perfection~",,TRUE,,2019,photography & cakesits,,N/A,,,,,,English,,,,,2021-02-18 12:56:23.309-05,2021-02-18 12:56:23.309-05,7
31,Unboxing,,6,2,TRUE,FALSE,Answer our riddles 3 & maybe U can peak what's underneath our bridge~,,TRUE,,2020,photography,,N/A,,,,,,English,Shot by ireallyhopeyouwin,,,,2021-02-18 12:56:23.309-05,2021-02-18 12:56:23.309-05,7
32,Grapejob,,7,2,TRUE,FALSE,"Size doesn't matter, its all about the vibe & the taste~ ",,TRUE,,2019,Soft food porn,,37 secs long,,,,,,English,,,,,2021-02-18 12:56:23.309-05,2021-02-18 12:56:23.309-05,7
33,Shower tease,,3,2,TRUE,FALSE,"As much as this troll fae loves a good mess, cleaning up can be quite fun 2~",,TRUE,,2019,"videography,solo erotic",,18 secs long,,,,,,English,,,,,2021-02-18 12:56:23.309-05,2021-02-18 12:56:23.309-05,7
34,A Mouthful,,10,1,TRUE,FALSE,Do U think U have what it takes 2 push us 2 make this kinda mess?,,TRUE,,2019,photography,,N/A,,,,,,English,Shot by 1000EyesPhotography,,,,2021-02-18 12:56:23.309-05,2021-02-18 12:56:23.309-05,7
35,Bedtwerk,,9,2,TRUE,FALSE,Just showing off our natural talent& biggest ASSet ~ ,,TRUE,,2020,"Videography,dance",,1:03 long,,,,,,English & Swahili,Song 5 Fingers by K W A M E & Sho Madjozi,,,,2021-02-18 12:56:23.309-05,2021-02-18 12:56:23.309-05,7
36,Vday Treat,,4,1,TRUE,TRUE,"Love cums in many forms, do u dare explore what we offer?~ ",,TRUE,,2019,photography,,N/A,,,,,,English,Shot by 1000EyesPhotography,,,,2021-02-18 12:56:23.309-05,2021-02-18 12:56:23.309-05,7
37,Performance ,,5,1,TRUE,TRUE,"Once upon a time, we performed live in bars ~ This is just a smalll snippet of that past life~",,TRUE,,2019,drag,,36 secs long,,,,,,English,,,,,2021-02-18 12:56:23.309-05,2021-02-18 12:56:23.309-05,7
38,MUDSKY 02,,1,1,TRUE,TRUE,NIGHT OF THE HUNTER IS DEAD,300,TRUE,,2020,MUD ON PAPER,MUD ON PAPER,9 x 11 IN,IN THE WOODS,,,,,,,,,,2021-02-18 12:56:23.309-05,2021-02-18 12:56:23.309-05,8
39,RED LAYLA ,,3,1,TRUE,TRUE,NOT A GHOST ,2000,TRUE,,2020,RED SPRAYPAINT ON VELLUM,RED SPRAYPAINT ON VELLUM ,36 x 74 IN,BY THE LAKE,,,,,,,,,,2021-02-18 12:56:23.309-05,2021-02-18 12:56:23.309-05,8
40,COLD KIL NIGHT 03,,6,1,TRUE,TRUE,FELL FROM THEIR BODY ,,TRUE,,2020,VIDEO,VIDEO,WEB VERSION 640 X360,TAKEN BY THE KIL ,,,,,,,,,,2021-02-18 12:56:23.309-05,2021-02-18 12:56:23.309-05,8
41,URSULA,,7,1,TRUE,TRUE,URSULA EVICTION PERFORMANCE AFTERMATH,,TRUE,,2020,"FISHNETS,PAINT,MUD,BLOOD,SHOE GREASE,WAX,CLAY,RAZORS,FLOWERS AND CHARCOAL ON CANVAS STRETCHED ON PLYWOOD","FISHNETS, PAINT, MUD, BLOOD, SHOE GREASE, WAX, CLAY, RAZORS, FLOWERS AND CHARCOAL ON CANVAS STRETCHED ON PLYWOOD",4FT X 8 FT,ON THIN ICE,,,,,,,,,,2021-02-18 12:56:23.309-05,2021-02-18 12:56:23.309-05,8
42,TREE,,4,1,TRUE,TRUE,INSIDE OF A CUT DOWN TREE,666,TRUE,,2020,FIRE PIT COALS AND RAIN ON PAPER,FIRE PIT COALS AND RAIN ON PAPER,22 X 33,THROUGH THE HOLE,,,,,,,,,,2021-02-18 12:56:23.309-05,2021-02-18 12:56:23.309-05,8
43,RED BK NIGHTFALL,,2,1,TRUE,TRUE,IN THE SUMMER HEAT,2000,TRUE,,2020,RED SPRAYPAINT ON VELLUM,RED SPRAYPAINT ON VELLUM ,36 x 74 IN,IN THE SHED,,,,,,,,,,2021-02-18 12:56:23.309-05,2021-02-18 12:56:23.309-05,8
44,URSULA UNDERGROUND 06,,5,1,TRUE,TRUE,URSULA'S ARMOR ,300,TRUE,,2020,CHARCOAL ON PAPER,CHARCOAL ON PAPER,8 x 11 IN,UNDERGROUND,,,,,,,,,,2021-02-18 12:56:23.309-05,2021-02-18 12:56:23.309-05,8
45,Unbound,,1,1,TRUE,TRUE,"Unbound explores the inheritance of ancestral trauma. My great-great grandmother was the last woman in my family to have bound feet. At age four (the same age when girls begin the process of foot-binding), I spent six months living in my ancestral home in Kaiping, China, where I suffered a fracture to my left foot. I solicit men via Craigslist and Tinder for anonymous “foot worship” sessions in which they pay to rub, kiss, and lick my feet. I construct an altar to my great-great grandmother and invite audience members to sit with me inside a circle of rice and to trade foot massages as we share stories of family pain. Performed at performance space, Folkestone, UK, October 2019.",,TRUE,,2018,Photography,,,"London & Folkestone, UK",,"performance,photography",Unbound,,,Collaborators: Alexandra Bell & Jack Murphy,,,"{foot worship,ancestral trauma}",2021-02-18 12:56:23.309-05,2021-02-18 12:56:23.309-05,9
46,Starfire,,5,1,TRUE,TRUE,"In “Starfire”, I use menstruation as the basis for a feminist reenactment of the Holy Eucharist. I appear as the Scarlet Woman, who transforms the profane into the sacred by reimagining religious rituals from a feminist perspective. ",,TRUE,,2018,Music Video,,,"Berlin, Germany",,performance,,,,Collaborators: Molly Caitlin Baber,,,"{ritual,blood,menstruation,occult}",2021-02-18 12:56:23.309-05,2021-02-18 12:56:23.309-05,9
47,Nurture,,3,1,TRUE,FALSE,"Nurture presents motherhood as a durational performance and as an act of love and labor. In the role of the archetypal Mother, the artist offers her empathy and her body to the audience in an intimate, one-on-one interaction. Holding participants in her arms so that they may suckle from her breast, she plays a soundtrack of lullabies sung by mothers in different languages, while inviting them to discuss their thoughts about their mothers or motherhood. Performed at Tempting Failure Biennial of Performance Art and Noise, London, UK, July 2018.",,TRUE,,2018,Performance/Participatory Art,,,"London, UK",,"performance,photography",Nurture,,,Collaborators: Molly Caitlin Baber & Jack Murphy,,,"{breastfeeding,motherhood,care work,performance art}",2021-02-18 12:56:23.309-05,2021-02-18 12:56:23.309-05,9
48,Purify,,4,2,TRUE,FALSE,"Rope, fire, blood, earth, wood, water, wax, metal. Audience members write down their fears and sins on slips of paper, which are tucked under ropes that bind my body. The papers are read aloud and burned as the artists shed their blood in a cleansing ritual. Performed at Gelegenheiten, Berlin, Germany, March 2019.",,TRUE,,2019,Performance/Participatory Art,,,"Berlin, Germany",Former Butcher Shop,performance,,,,"Collaborators: Zarahlena
Cristina Söderström Martos
Chandler Barnes (ropes/piercing)
Bommi Pelletiér (music) ",,,"{ritual,shibari,rope bondage,blood}",2021-02-18 12:56:23.309-05,2021-02-18 12:56:23.309-05,9
49,Altar to Song Yang,,6,1,TRUE,TRUE,"In collaboration with Red Canary Song, a grassroots organization which advocates and provides resources for Asian and migrant sex workers, I organized a ritual and temporary altar to honor a massage worker who died during a NYPD raid. The site was 302 Broome St, a former Asian massage parlor.",,TRUE,,2019,Participatory art/public installation,,,"New York City, USA",Former massage parlour,performance,,,,Collaborators: Red Canary Song,,,"{ritual,sex work,vigil,site-specific}",2021-02-18 12:56:23.309-05,2021-02-18 12:56:23.309-05,9
50,Starfire,,7,1,TRUE,TRUE,"In “Starfire”, I use menstruation as the basis for a feminist reenactment of the Holy Eucharist. I appear as the Scarlet Woman, who transforms the profane into the sacred by reimagining religious rituals from a feminist perspective. ",,TRUE,,2018,Music Video,,,"Berlin, Germany",,performance,,,,Collaborators: Molly Caitlin Baber,,,"{ritual,blood,menstruation,occult}",2021-02-18 12:56:23.309-05,2021-02-18 12:56:23.309-05,9
51,Play4UsNow,,2,1,TRUE,TRUE,"A participatory online performance featuring an all-sex worker cast and crew which utilized audience members’ data as a form of intimacy and political critique. The multilayered performance begins at the first point of contact with our website (www.play4usnow.com), where users submit personal preferences and answer security questions in return for an invitation to the ""data dungeon"". Using the aesthetics of the underground BDSM dungeon and employing real-life sex workers impacted by data policy, the project engaged viewers to critically consider their experience of digital surveillance and privacy.",,TRUE,,2020,Performance/Participatory Art,,,Online,,"performance,participatory art",The Cyber & Material Character,,,Collaborators: Esben Holk & Stephanie Ballantine,,,"{surveillance,sex work,BDSM,digital domination}",2021-02-18 12:56:23.309-05,2021-02-18 12:56:23.309-05,9
52,Unbound,,8,2,TRUE,FALSE,"Unbound explores the inheritance of ancestral trauma. My great-great grandmother was the last woman in my family to have bound feet. At age four (the same age when girls begin the process of foot-binding), I spent six months living in my ancestral home in Kaiping, China, where I suffered a fracture to my left foot. I solicit men via Craigslist and Tinder for anonymous “foot worship” sessions in which they pay to rub, kiss, and lick my feet. I construct an altar to my great-great grandmother and invite audience members to sit with me inside a circle of rice and to trade foot massages as we share stories of family pain. Performed at performance space, Folkestone, UK, October 2019.",,TRUE,,2018,,,,"London & Folkestone, UK",,"performance,photography",Unbound,,,Collaborators: Alexandra Bell & Jack Murphy,,,"{foot worship,ancestral trauma}",2021-02-18 12:56:23.309-05,2021-02-18 12:56:23.309-05,9
53,Chantico,,1,2,TRUE,FALSE,"Dia Dynasty is Chantico.                                                                                                                                                                                                                              She wears red and reaps Pleasure and Pain. Radiant Serpentine Grace. She Who Dwells in the House. Goddess of Fire and War. Guardian of animals, metals and minerals, Her Domain. She takes possession of Her Offering and makes Her mark on him, binding his soul to Her promise of protection and power.",,TRUE,,,video,Canon 7D,1min 02sec,New York,,erotic/occult/fetish art,Chantico,,english,Collaboration with Dia Dynasty,http://slutist.com/chantico/,,"{bdsm, shamanatrix, ritual, sexmagick}",2021-02-18 12:56:23.309-05,2021-02-18 12:56:23.309-05,10
54,The Chamber,,5,1,TRUE,FALSE,"You are entering The Chamber.                                                                                                                                                                                 When you are entering The Chamber your profane world is left behind.
You are now in an alternative universe,  where your obscure desires and fantasies become realiaty.
Are you ready?",,TRUE,,,photography,Canon 7D,,New York,,erotic/fetish art,The Chamber Series,,english,Collaboration with Marcelle Marais and Sheena.                                                                                                                                            Wardrobe Tableaux Vivants.,,,"{bdsm, domination, submission, sexmagick}",2021-02-18 12:56:23.309-05,2021-02-18 12:56:23.309-05,10
55,Human Flesh,,10,2,TRUE,FALSE,"Human Flesh

She was a a doomed angel with more love for humanity than even her immortal body could contain. Daily she would listen to the reverence of humankind and shower it with her otherworldly affection. On the day she burst, she could no longer hear their prayers. They had forgotten her. She condemned those mortals, and shed her ethereal form to reveal the fanatical, vengeful creature beneath. She could not die, so she traipsed the surface of the earth, wailing, mourning humankind’s unrequited love.

She was monstrous.",,TRUE,,2020,photography,Canon 7D,,New York,,erotic/identity/fetish art,Human Flesh,,english,Collaboration with Kathryn Kane. Wardrobe Lasegue.falret.,,,"{bdsm, burlesque, religiousfanatism, gender}",2021-02-18 12:56:23.309-05,2021-02-18 12:56:23.309-05,10
56,Chantico,,3,1,TRUE,TRUE,"Dia Dynasty as Chantico. She wears red and reaps Pleasure and Pain. Radiant Serpentine Grace.                                                                                                                                                                                             She Who Dwells in the House. Goddess of Fire and War. Guardian of animals, metals and minerals, Her Domain. She takes possession of Her Offering and makes Her mark on him, binding his soul to Her promise of protection and power.",,TRUE,,,photography,Canon 7D,,New York,,erotic/occult/fetish art,Chantico,,english,Collaboration with Dia Dynasty,,,"{bdsm, shamanatrix, sacred, ritual, sexmagick}",2021-02-18 12:56:23.309-05,2021-02-18 12:56:23.309-05,10
57,Chantico,,2,1,TRUE,TRUE,"Dia Dynasty as Chantico.                                                                                                                                                                                                  She wears red and reaps Pleasure and Pain. Radiant Serpentine Grace. She Who Dwells in the House. Goddess of Fire and War. Guardian of animals, metals and minerals, Her Domain. She takes possession of Her Offering and makes Her mark on him, binding his soul to Her promise of protection and power.",,TRUE,,,video,Canon 7D,1min 02sec,New York,,erotic/occult/fetish art,Chantico,,english,Collaboration with Dia Dynasty,,,"{bdsm, shamanatrix, sacred, ritual, sexmagick}",2021-02-18 12:56:23.309-05,2021-02-18 12:56:23.309-05,10
58,Human Flesh,,9,2,TRUE,FALSE,"Human Flesh

She was a a doomed angel with more love for humanity than even her immortal body could contain. Daily she would listen to the reverence of humankind and shower it with her otherworldly affection. On the day she burst, she could no longer hear their prayers. They had forgotten her. She condemned those mortals, and shed her ethereal form to reveal the fanatical, vengeful creature beneath. She could not die, so she traipsed the surface of the earth, wailing, mourning humankind’s unrequited love.

She was monstrous.",,TRUE,,2020,photography,Canon 7D,,New York,,erotic/identity/fetish art,Human Flesh,,english,Collaboration with Kathryn Kane. Wardrobe Lasegue.falret.,,,"{bdsm, burlesque, religiousfanatism, gender}",2021-02-18 12:56:23.309-05,2021-02-18 12:56:23.309-05,10
59,Human Flesh,,7,2,TRUE,FALSE,"Human Flesh

She was a a doomed angel with more love for humanity than even her immortal body could contain. Daily she would listen to the reverence of humankind and shower it with her otherworldly affection. On the day she burst, she could no longer hear their prayers. They had forgotten her. She condemned those mortals, and shed her ethereal form to reveal the fanatical, vengeful creature beneath. She could not die, so she traipsed the surface of the earth, wailing, mourning humankind’s unrequited love.

She was monstrous.",,TRUE,,2020,photography,Canon 7D,,New York,,erotic/identity/fetish art,Human Flesh,,english,Collaboration with Kathryn Kane. Wardrobe Lasegue.falret. ,,,"{bdsm, burlesque, religiousfanatism, gender}",2021-02-18 12:56:23.309-05,2021-02-18 12:56:23.309-05,10
60,The Chamber,,6,1,TRUE,FALSE,"You are entering The Chamber.                                                                                                                                                                                 When you are entering The Chamber your profane world is left behind.
You are now in an alternative universe,  where your obscure desires and fantasies become realiaty.
Are you ready?""",,TRUE,,,photography,Canon 7D,,New York,,erotic/fetish art,The Chamber Series,,english,Collaboration with Marcelle Marais and Sheena.                                                                                                                                            Wardrobe Tableaux Vivants.,,,"{bdsm, domination, submission, sexmagick}",2021-02-18 12:56:23.309-05,2021-02-18 12:56:23.309-05,10
61,Human Flesh,,8,2,TRUE,FALSE,"Human Flesh

She was a a doomed angel with more love for humanity than even her immortal body could contain. Daily she would listen to the reverence of humankind and shower it with her otherworldly affection. On the day she burst, she could no longer hear their prayers. They had forgotten her. She condemned those mortals, and shed her ethereal form to reveal the fanatical, vengeful creature beneath. She could not die, so she traipsed the surface of the earth, wailing, mourning humankind’s unrequited love.

She was monstrous.",,TRUE,,2020,photography,Canon 7D,,New York,,erotic/identity/fetish art,Human Flesh,,english,Collaboration with Kathryn Kane. Wardrobe Lasegue.falret.,,,"{bdsm, burlesque, religiousfanatism, gender}",2021-02-18 12:56:23.309-05,2021-02-18 12:56:23.309-05,10
62,Chantico,,4,1,TRUE,TRUE,"Dia Dynasty as Chantico. She wears red and reaps Pleasure and Pain. Radiant Serpentine Grace. She Who Dwells in the House. Goddess of Fire and War. Guardian of animals, metals and minerals, Her Domain. She takes possession of Her Offering and makes Her mark on him, binding his soul to Her promise of protection and power.",,TRUE,,,photography,Canon 7D,,New York,,erotic/occult/fetish art,Chantico,,english,Collaboration with Dia Dynasty,,,"{bdsm, shamanatrix, sacred, ritual, sexmagick}",2021-02-18 12:56:23.309-05,2021-02-18 12:56:23.309-05,10
63,Homunculus,,2,1,TRUE,TRUE,"How the body is viewed informs us on the ways that the dynamics of power alter relationships between people and the individual’s object-subject-hood. Objectification is often a process that female bodies are subjected to, losing agency and empathy in the process. By abstracting and deconstructing the male form, I remove its usual role as “subject,” allowing for a new context in which to view the male body. 
",1500,TRUE,,2020,painting,oil on canvas,24”x24” in,,,,,,English,,,,,2021-02-18 12:56:23.309-05,2021-02-18 12:56:23.309-05,11
64,L’Origine du Monde,,3,1,TRUE,FALSE,"I'm interested in re-contextualizing the narratives of sexual labor. Here, the only body visible is of the (presumed) client, headless, anonymous, but offering a brief glimpse into a moment of intimacy through the eyes of a sex worker. A visual shift in the cultural script of sexual commerce. ",800,TRUE,,2018,painting,oil on wood panel,16”x20” in,,,,,Gustave Courbet,English,,,,,2021-02-18 12:56:23.309-05,2021-02-18 12:56:23.309-05,11
65,Holden,,1,1,TRUE,TRUE,"“...If you want to know the truth, I’m a virgin. I really am. I’ve had quite a few opportunities to lose my virginity and all, but I’ve never got around to it yet…The thing is, most of the time when you’re coming pretty close to doing it with a girl—a girl that isn’t a prostitute or anything, I mean—she keeps telling you to stop. The trouble with me is, I stop. Most guys don’t. I can’t help it.”",2500,TRUE,,2020,painting,oil on canvas,30”x48” in,,,,,The Catcher in the Rye,English,,,,,2021-02-18 12:56:23.309-05,2021-02-18 12:56:23.309-05,11
66,A Digital Encounter,,,2,FALSE,FALSE,,,TRUE,,,digital photo,,,,,,,,,,,,,2021-02-18 12:56:23.309-05,2021-02-18 12:56:23.309-05,12
67,In Bloom,,,2,FALSE,FALSE,,,TRUE,,,digital photo,,,,,,,,,,,,,2021-02-18 12:56:23.309-05,2021-02-18 12:56:23.309-05,12
68,Ten Cuidado,,,2,FALSE,FALSE,,,TRUE,,,digital photo,,,,,,,,,,,,,2021-02-18 12:56:23.309-05,2021-02-18 12:56:23.309-05,12
69,Boots and Shapes,,,2,FALSE,FALSE,,,TRUE,,,digital photo,,,,,,,,,,,,,2021-02-18 12:56:23.309-05,2021-02-18 12:56:23.309-05,12
70,Backstage Preparation,,,1,FALSE,FALSE,,,TRUE,,,digital photo,,,,,,,,,,,,,2021-02-18 12:56:23.309-05,2021-02-18 12:56:23.309-05,12
71,Cognitive Dissonance,,,2,FALSE,FALSE,,,TRUE,,,digital photo,,,,,,,,,,,,,2021-02-18 12:56:23.309-05,2021-02-18 12:56:23.309-05,12
72,Binding Invitation,,,2,FALSE,FALSE,,,TRUE,,,digital photo,,,,,,,,,,,,,2021-02-18 12:56:23.309-05,2021-02-18 12:56:23.309-05,12
73,My Favorite Whip,,,2,FALSE,FALSE,,,TRUE,,,digital photo,,,,,,,,,,,,,2021-02-18 12:56:23.309-05,2021-02-18 12:56:23.309-05,12
74,Some Brown on Brown,,,2,FALSE,FALSE,,,TRUE,,,digital photo,,,,,,,,,,,,,2021-02-18 12:56:23.309-05,2021-02-18 12:56:23.309-05,12
75,wet web,,1,1,TRUE,FALSE,,,TRUE,,2021,video,"fishnets, skin, labia, tongue, voice, iphone 11",3min excerpt from 8min digital video,NYC,,Erotic film,,,"english,applies to all",,,,"{sex work,skin,body art,body horror,video,film,sound art}",2021-02-18 12:56:23.309-05,2021-02-18 12:56:23.309-05,13
76,floral anus,,4,1,TRUE,TRUE,,,TRUE,,2019,sculpture,"silicone, faux fur, acrylic, LED lights",Sculpture dimensions as seen installed: 2 feet wide by 4 feet high,nyc,,Installation,,,,,,,"{skin,body art,body horror,silicone}",2021-02-18 12:56:23.309-05,2021-02-18 12:56:23.309-05,13
77,excision 3,,8,1,TRUE,FALSE,,,TRUE,,2019,"video,performance","latex, silicone, unidentified contents",Digital video 1 min long,nyc,,"Video,performance",,,,,,,"{skin,body art,body horror,silicone,performance,surgery}",2021-02-18 12:56:23.309-05,2021-02-18 12:56:23.309-05,13
78,self portrait in quicksilver,,9,1,TRUE,TRUE,,,TRUE,,2020,photography,"photography, self-shot and self-styled and edited",Photograph dimensions: varies,nyc,,"Photography,self portraiture",,,,,,,"{photography,self portraiture}",2021-02-18 12:56:23.309-05,2021-02-18 12:56:23.309-05,13
79,excision 2,,7,1,TRUE,TRUE,,,TRUE,,2019,"video,performance","faux fur, latex, silicone, unidentified contents",Digital video 51 seconds,nyc,,"Video,performance",,,,,,,"{skin,body art,body horror,silicone,performance,surgery}",2021-02-18 12:56:23.309-05,2021-02-18 12:56:23.309-05,13
80,"heart, pod, eggs",,2,1,TRUE,TRUE,,,TRUE,,2019,sculpture,"silicone, pigments, steel, beads",Approx 18 inches by 5 inches,nyc,,"Sculpture,body horror",,,,,,,"{skin,body art,body horror,silicone}",2021-02-18 12:56:23.309-05,2021-02-18 12:56:23.309-05,13
81,transintimacy (internal portrait),,6,1,TRUE,TRUE,,,TRUE,,2019,"video,temporary sculpture","video, slime, voice",Digital video 2:21 mins long,nyc,,"Video,manifesto",,,,,,,"{experimental video,audio,sound design,manifesto,spoken word,poetry}",2021-02-18 12:56:23.309-05,2021-02-18 12:56:23.309-05,13
82,my heart is in my ass (for Bob Flanagan),,5,1,TRUE,TRUE,"This is a photograph of ephemera from a private, recorded performance I made in dedication to the late body artist Bob Flanagan. The cherry preserves, which act as a blood enema, were inserted into my colon, followed by the heart shaped butt plug I made myself.",,TRUE,,2019,"sculpture,photography,private performance documentation","cherry preserves, petri dish, silicone, steel chain",Objects: approx 2 inches wide each. Photograph dimensions: varies,nyc,,"Body art,performance art",,See work description,,,,,"{skin,body art,body horror,silicone,performance art}",2021-02-18 12:56:23.309-05,2021-02-18 12:56:23.309-05,13
83,lotus pod I (exhibition documentation),,3,1,TRUE,TRUE,,,TRUE,,2019,"sculpture,video","silicone, pigments, faux fur, j lube, water beads, public interaction, video documentation",Sculpture: 3 feet wide 1.5 feet tall,nyc,,"Interactive sculpture,body horror,happenings",,,,,,,"{skin,body art,body horror,silicone,performance,interactive}",2021-02-18 12:56:23.309-05,2021-02-18 12:56:23.309-05,13
84,vhs feedback loop #1,,10,1,TRUE,TRUE,,,TRUE,,2021,analog and digital video,"analog VHS to CRT footage, aftereffects",1:38 min excerpt of a 5 min video,nyc,,Video,,,,,,,"{analogue,analog,VHS,CRT,experimental video}",2021-02-18 12:56:23.309-05,2021-02-18 12:56:23.309-05,13
85,Easter,,1,2,TRUE,FALSE,,,TRUE,,2012,Photography,,,NYC,,,,,,,,,,2021-02-18 12:56:23.309-05,2021-02-18 12:56:23.309-05,14
86,Nadja,,3,1,TRUE,TRUE,,,TRUE,,2013,Photography,,,Paris,,,,,,,,,,2021-02-18 12:56:23.309-05,2021-02-18 12:56:23.309-05,14
87,Cuckolding ,,6,2,TRUE,FALSE,,,TRUE,,2011,Photography,,,NYC,,,,,,,,,,2021-02-18 12:56:23.309-05,2021-02-18 12:56:23.309-05,14
88,Blunt & Hawthorne,,8,2,TRUE,FALSE,,,TRUE,,2017,Photography,,,NYC,,,,,,,,,,2021-02-18 12:56:23.309-05,2021-02-18 12:56:23.309-05,14
89,Alex's Studio ,,7,2,TRUE,FALSE,,,TRUE,,2011,Photography,,,NYC,,,,,,,,,,2021-02-18 12:56:23.309-05,2021-02-18 12:56:23.309-05,14
90,Troy's Studio,,5,2,TRUE,FALSE,,,TRUE,,2015,Photography,,,NYC,,,,,,,,,,2021-02-18 12:56:23.309-05,2021-02-18 12:56:23.309-05,14
91,Heel,,10,2,TRUE,FALSE,,,TRUE,,2013,Photography,,,London,,,,,,,,,,2021-02-18 12:56:23.309-05,2021-02-18 12:56:23.309-05,14
92,Domme Jaguar & Couple ,,4,2,TRUE,FALSE,,,TRUE,,2012,Photography,,,NYC,,,,,,,,,,2021-02-18 12:56:23.309-05,2021-02-18 12:56:23.309-05,14
93,Lovers,,2,2,TRUE,FALSE,,,TRUE,,2020,Photography,,,Wisconsin,,,,,,,,,,2021-02-18 12:56:23.309-05,2021-02-18 12:56:23.309-05,14
94,Easter II,,9,2,TRUE,FALSE,,,TRUE,,2012,Photography,,,NYC,,,,,,,,,,2021-02-18 12:56:23.309-05,2021-02-18 12:56:23.309-05,14
95,The Things That People Say We Are (1),,,1,TRUE,TRUE,,,TRUE,,2017,,"mixed materials. found objects, beeswax, graphite, acrylic on canvas ",see artist statement ,Chicago,,,,,,,,,,2021-02-18 12:56:23.309-05,2021-02-18 12:56:23.309-05,15
96,The Things That People Say We Are PDF/Artist Statement ,,,4,TRUE,TRUE,,,FALSE,,2017,,"mixed materials. found objects, beeswax, graphite, acrylic on canvas ",see artist statement ,Chicago,,,,,,,,,,2021-02-18 12:56:23.309-05,2021-02-18 12:56:23.309-05,15
97,The Things That People Say We Are (6),,,4,TRUE,TRUE,,,FALSE,,2017,,"mixed materials. found objects, beeswax, graphite, acrylic on canvas ",see artist statement ,Chicago,,,,,,,,,,2021-02-18 12:56:23.309-05,2021-02-18 12:56:23.309-05,15
98,"Marx was right, Lenin needs correcting (1)",,,4,TRUE,TRUE,,,FALSE,,2017,,"mixed materials. found objects, acrylic on canvas ",,NYC,,,,,,,,,,2021-02-18 12:56:23.309-05,2021-02-18 12:56:23.309-05,15
99,The Things That People Say We Are (2),,,4,TRUE,TRUE,,,FALSE,,2017,,"mixed materials. found objects, beeswax, graphite, acrylic on canvas ",see artist statement ,Chicago,,,,,,,,,,2021-02-18 12:56:23.309-05,2021-02-18 12:56:23.309-05,15
100,The Things That People Say We Are (7),,,4,TRUE,TRUE,,,FALSE,,2017,,"mixed materials. found objects, beeswax, graphite, acrylic on canvas ",see artist statement ,Chicago,,,,,,,,,,2021-02-18 12:56:23.309-05,2021-02-18 12:56:23.309-05,15
101,The Things That People Say We Are (5),,,4,TRUE,TRUE,,,FALSE,,2017,,"mixed materials. found objects, beeswax, graphite, acrylic on canvas ",see artist statement ,Chicago,,,,,,,,,,2021-02-18 12:56:23.309-05,2021-02-18 12:56:23.309-05,15
102,The Things That People Say We Are (4),,,4,TRUE,TRUE,,,FALSE,,2017,,"mixed materials. found objects, beeswax, graphite, acrylic on canvas ",see artist statement ,Chicago,,,,,,,,,,2021-02-18 12:56:23.309-05,2021-02-18 12:56:23.309-05,15
103,The Things That People Say We Are (8),,,4,TRUE,TRUE,,,FALSE,,2017,,"mixed materials. found objects, beeswax, graphite, acrylic on canvas ",see artist statement ,Chicago,,,,,,,,,,2021-02-18 12:56:23.309-05,2021-02-18 12:56:23.309-05,15
104,The Things That People Say We Are (3),,,4,TRUE,TRUE,,,FALSE,,2017,,"mixed materials. found objects, beeswax, graphite, acrylic on canvas ",see artist statement ,Chicago,,,,,,,,,,2021-02-18 12:56:23.309-05,2021-02-18 12:56:23.309-05,15
105,Headcage,,1,1,TRUE,FALSE,Portrait of a mind fkr. Original photo by Natasha Gornik.,,TRUE,,2011,photo,,,,,portrait,,,,,,,,2021-02-18 12:56:23.309-05,2021-02-18 12:56:23.309-05,16
106,Tender,,2,4,TRUE,FALSE,Portrait of a mind fkr. Original photo by Natasha Gornik.,,TRUE,,2013,photo,,,,,,,,,,,,,2021-02-18 12:56:23.309-05,2021-02-18 12:56:23.309-05,16
107,Stonewall 50 Celebration with Tiona McClodden,,3,4,TRUE,FALSE,Speech on sex work and kink culture in art. Photo by Ephraim Gonzalez.,,FALSE,,2019,photo,,,Whitney Museum,,,,"See ""Whitney Speech""",,"In collaboration with 2019 Whitney Biennial artist Tiona Nekkia McClodden and inspired by the Meatpacking District’s queer club culture, the Whitney celebrates the fiftieth anniversary of the Stonewall Riots",,,,2021-02-18 12:56:23.309-05,2021-02-18 12:56:23.309-05,16
108,Whitney Speech,,,4,TRUE,FALSE,,,FALSE,,,,,,,,,,,,,,,,2021-02-18 12:56:23.309-05,2021-02-18 12:56:23.309-05,16
109,Daymares 1,,1,2,TRUE,FALSE,"Everyone talks about nightmares, but what about the erotic anxiety we experience during the day?",,TRUE,,82018,photo,camera,Silvia Maggi: photographer,"Betonest- Stolpe, Germany","Stolpe, Germany",photography,Daymares,,English,Silvia Maggi,,nowhere yet,"{erotic, anxiety, experimental}",2021-02-18 12:56:23.309-05,2021-02-18 12:56:23.309-05,17
110,Daymares 2,,2,2,TRUE,FALSE,"daymares:: the fantasy being better than the reality, someone is so wrong they are right, or, so right they are wrong, fearing loss of interest, the gray areas of desire, feeling unsure, complex decisions, trauma bonding, monotony and the in-between, what will it be like after the quarantine..these are daymares.",,TRUE,,82018,photo,camera,Silvia Maggi: photographer,"Betonest- Stolpe, Germany","Stolpe, Germany",photography,Daymares,,English,Silvia Maggi,,nowhere yet,"{erotic, anxiety, experimental}",2021-02-18 12:56:23.309-05,2021-02-18 12:56:23.309-05,17
111,Daymares 3,,3,2,TRUE,FALSE,"At times of social distancing we are struggling with the dystopia idea, that we may not be as connected as we once were. This is a solar punk vision of what types of relationships we will form in our future lives<^>",,TRUE,,82018,photo,camera,Silvia Maggi: photographer,"Betonest- Stolpe, Germany","Stolpe, Germany",photography,Daymares,,English,Silvia Maggi,,nowhere yet,"{erotic, anxiety, experimental}",2021-02-18 12:56:23.309-05,2021-02-18 12:56:23.309-05,17
112,Daymares track: The Neighbourhood Character/Ze Royale Collaboration,,4,2,TRUE,TRUE,see description above.,,TRUE,,4202019,music,computer/sound equipment,can send the original wave file at your request*,"Berlin, Germany","Berlin, Germany",music,Daymares,,English,The Neighbourhood Character,,bandcamp,"{erotic, anxiety, experimental, electronic, music, cerebral, ambient}",2021-02-18 12:56:23.309-05,2021-02-18 12:56:23.309-05,17
113,Daymares music video,,5,2,TRUE,FALSE,see description above.,,TRUE,,82018,music/video,computer/editing programs/,video file compressed,Stolpe/Berlin,Germany,video,Daymares,,English,Silvia Maggi & The Neighbourhood Character,,nowhere yet,"{erotic, anxiety, experimental, electronic, music, cerebral, ambient}",2021-02-18 12:56:23.309-05,2021-02-18 12:56:23.309-05,17